Personalization	type	Capability
RefinePolicyScenariosTask	type	Task
Human_Researcher	type	HumanAgent
BrainAgeEvaluation	hasMetricConcept	InterpretabilityMetric
GraphMemoModel_Instance	type	Model
HILLInspectionTeam	type	HITeam
AssessInfluenceAndConfirmationTask	type	Task
SimulateSocialInteractions	type	Capability
FaceMatchingDecisionSupportSystem	type	ArtificialAgent
CodeAssistantTeam	hasMember	AdultUser
BrainAgeExplanationExecution	evaluatedBy	BrainAgeEvaluation
ClinicalRecommendationExecution_01	hasInteractionEpisode	ClinicalAdviceTakingInteraction_01
Task_MoralJudgementSupport	requiresCapability	Responsibility
DAG20RandomStrategyExperiment	hasMetricTested	StrategyPerformanceMetric
Evidence_SimulationParameters	type	Data
CybersecurityExpert	performsExecution	RestoreAccessExecution
DesignerUser	hasCapability	Creativity
RunSocialSimulationsTask	type	Task
KnowledgeEngineeringDomain	type	Domain
AISecuritySystem	hasCapability	PatternRecognitionForThreatDetection
AnnaTherapist	performsExecution	ChildAssessmentExecution
AI_PaleoReconstructionAssistant	hasCapability	Adaptiveness
LongTermDialogueTeam	hasGoal	SustainLongTermDialogueGoal
Task_LifestyleRecommendation	requiresCapability	Adaptiveness
PolicySimulationAgent	performsExecution	PolicySimulationExecution
PolicySimulationGoal	type	Goal
hasInputData	range	Data
DrivingSupportInteraction_01	type	Interaction
AlexLearningSupportTeam	isInfluencedBy	PersonalizedLearningContext
Evidence_EEGSignalsUsed	type	Data
LearnerProfileData	type	Data
PolicySimulationInteraction	hasAgentInvolved	PolicySimulationAgent
LongTermMemoryRetrievalExecution	realizesTask	LongTermMemoryRetrievalTask
PromptSpecificationData	type	Data
Evidence_ArchaeologicalRecords	type	Data
requiresCapability	range	Capability
LongTermDialogueExecution_01	type	TaskExecution
HumanExperimenter	performsExecution	RepeatedInterventionsExecution
BlockSuspiciousTrafficTask	requiresCapability	PatternRecognitionForThreatDetection
NeurologistAgent	type	HumanAgent
ArchivalCollectionTask	requiresCapability	CulturalStewardship
UserModeling	type	Capability
CausalDiscoveryUseCase	hasDomain	CausalDiscoveryDomain
FaceMatchingHardSetTask	requiresCapability	ProvideMatchingSuggestions
BrainAgePredictionTeam	type	HITeam
PositiveReinforcementInteraction_01	type	Interaction
TrustCalibrationExecution	performedBy	TrustAssessmentSystem
DrivingRecommendationExecution_01	hasInteractionEpisode	DrivingSupportInteraction_01
Therapist	hasCapability	Responsibility
ProteinDiscoveryTeam	hasGoal	IdentifyNeuroprotectiveProteinsGoal
Interaction_LifestyleRecommendation	hasAgentInvolved	Human_User
ProteinAnalysisExecution	hasOutputData	PredictedProteinStructureData
LongTermMemoryEvaluation	hasExperiment	LongTermMemoryExperiment
Interaction_CollaborativeGameStrategy	type	Interaction
LiteratureCrossReferencingExecution	hasInputData	ProteinLiteratureCorpus
Task_LifestyleRecommendation	requiresCapability	Responsibility
ABSSSimulationSystem	operatesInContext	HealthcarePolicyContext
LiteratureCrossReferencingTask	requiresCapability	ClinicalJudgment
BrainAgeAssessmentTask	type	Task
Multimodal	type	Method
OntologyRepairExecution_01	performedBy	LLM_Agent
AutonomousCausalLearner	performsExecution	RepeatedInterventionsExecution
realizedBy	domain	Task
BlockSuspiciousTrafficExecution	type	TaskExecution
HILLInspectionExecution	realizesTask	LatentSpaceInspectionTask
NeurologistAgent	hasCapability	ClinicalDecisionSupportCapability
LongTermMemoryRetrievalExecution	hasOutputData	RetrievedMemoryData
AlexLearningSupportUseCase	hasHITeam	AlexLearningSupportTeam
BrainAgeExplanationData	type	Data
ProteinDiscoveryUseCase	hasHITeam	ProteinDiscoveryTeam
HILLExperiment	hasMetricTested	UsabilityMetric
CybersecurityThreatReviewInteraction	hasAgentInvolved	AISecuritySystem
ConsentAndGovernanceNegotiationExecution	realizesTask	DataGovernanceNegotiationTask
HybridHumanPolicyModelingUseCase	type	UseCase
NaoRobot	type	ArtificialAgent
DecisionSupportEvaluation	hasExperiment	Static5Experiment
GameplayCoordinationExecution_01	hasInputData	GameStateData
ClinicalOutcomeMetric	type	Metric
NoMachineExperiment	type	Experiment
AssistiveRobot	hasCapability	Personalization
BrainAgePredictionTeam	hasMember	BrainAgeSupportSystem
AnnaTherapist	type	HumanAgent
LongTermMemoryRetrievalExecution	hasInputData	LongMemoDialogueData
PolicySimulationExecution	realizesTask	ParticipatoryPolicySimulationTask
ArchivalCurationUseCase	type	UseCase
Engagement	type	Capability
DrEmilyChen	hasCapability	ClinicalJudgment
PublicPolicySimulationUseCase	hasDomain	GovernanceDomain
PAMAP2SensorData	type	Data
hasMethod	domain	Model
ClinicalAIDecisionSupportTool	type	ArtificialAgent
VRConversationalAgent	performsExecution	GazeAwareDialogueExecution
PolicySimulationExecution	type	TaskExecution
OntologyRepairExecution_01	hasOutputData	OntologyRepairSuggestionData
DecisionEvent_MoralJudgement	realizesTask	Task_MoralJudgementSupport
ProteinDiscoveryTeam	type	HITeam
CrossCheckThreatPredictionExecution	type	TaskExecution
FaceMatchingDecisionSupportSystem	operatesInContext	FaceMatchingStudyContext
SecurityDomain	type	Domain
FaceMatchingHITeam	isInfluencedBy	FaceMatchingStudyContext
Justification_SimulationResults	type	Data
MemoryAugmentedDialogueInteraction_01	type	Interaction
PublicPolicySimulationUseCase	type	UseCase
CodeAssistantTeam	isInfluencedBy	GeometryFriends
ABSSSimulationSystem	performsExecution	ABSSWhatIfAnalysisExecution
NaoRobot	operatesInContext	RobotAssistedLearningContext
PersonalizedLearningSupportTask	type	Task
Justification_EEGSignalAnalysis	type	Data
BrainAgeSupportSystem	hasCapability	ExplainabilityCapability
TherapeuticExpertise	allowsTask	ChildAssessmentTask
ImproveCybersecurityResponseGoal	type	Goal
OntologyRepairSuggestionData	type	Data
ProteinAnalysisExecution	performedBy	AlphaFoldSystem
GazeAwareDialogueExecution	hasInteractionEpisode	VRDialogueInteraction
CodeAssistantUseCase	hasHITeam	CodeAssistantTeam
DecisionEvent_TrustCalibration	hasInputData	Data_EEGSignals
ProduceSimulationInsights	allowsTask	InterpretSimulationResultsTask
PedagogicalSkills	type	Capability
DrivingSupportUseCase	hasDomain	MobilityDomain
QualitativeExpertJudgment	allowsTask	InterpretSimulationResultsTask
OntologyEvolutionTeam	type	HITeam
CybersecurityExpert	hasCapability	Communication
RobotAssistedLearningUseCase	type	UseCase
RobotAssistedLearningUseCase	hasHITeam	RobotAssistedLearningTeam
isAssignedToTask	subPropertyOf	isEligibleForTask
ParticipatoryPolicySimulationTask	requiresCapability	Communication
OntologyRepairExecution_01	hasInteractionEpisode	NeurosymbolicRepairInteraction_01
ReactiveResponse	type	Capability
AlphaFoldSystem	performsExecution	ProteinAnalysisExecution
DAG20MinStrategyExperiment	type	Experiment
ABSSSimulationSystem	type	ArtificialAgent
hasExperimentConcept	domain	Experiment
ReinforcementLearningSupport	type	Capability
DecisionSupportEvaluation	hasExperiment	Static50Experiment
CausalDiscoveryModel	type	Model
HumanParticipant	type	HumanAgent
FaceMatchingDecisionSupportSystem	hasCapability	ProvideMatchingSuggestions
AISecuritySystem	hasCapability	RapidExplanationGeneration
HILLInspectionUseCase	hasHITeam	HILLInspectionTeam
AI_PaleoReconstructionAssistant	hasCapability	Communication
FaceMatchingStudyContext	type	Context
ClinicalRecommendationTask	requiresCapability	Transparency
DecisionEvent_LifestyleRecommendation	hasInteractionEpisode	Interaction_LifestyleRecommendation
FaceMatchingTaskExecution	realizesTask	AssessInfluenceAndConfirmationTask
UserState_TrustInLLM	type	Context
AssistiveRobot	hasCapability	Adaptiveness
UserState_TrustCalibrationLevel	type	Context
DecisionEvent_PolicySimulation	performedBy	AI_PolicySimulationAgent
hasOutputData	domain	Model
Evidence_MoralDataset	type	Data
VRConversationalInteractionUseCase	type	UseCase
SimulateSocialInteractions	allowsTask	RunSocialSimulationsTask
RobotAssistedLearningTeam	isInfluencedBy	RobotAssistedLearningContext
CrossCheckThreatPredictionTask	type	Task
hasInfluenceOn	range	HITeam
CausalDiscoveryInteraction	hasAgentInvolved	AutonomousCausalLearner
DecisionEvent_MoralJudgement	hasOutputData	Recommendation_MoralChoice
ImproveLearningOutcomesGoal	requiresTask	ChildAssessmentTask
DrivingSupportInteraction_01	hasAgentInvolved	AdultUser
KnowledgeFormalizationExecution_01	performedBy	FormalizationAssistantAgent
Interaction_PolicySimulation	hasAgentInvolved	AI_PolicySimulationAgent
ClinicalDecisionSupportTeam	isInfluencedBy	DiagnosticUncertaintyContext
FaceMatchingDecisionSupportModel	type	Model
Task_EnvironmentReconstruction	requiresCapability	Communication
CybersecurityThreatReviewInteraction	hasAgentInvolved	CybersecurityExpert
TrustCalibrationAssessmentTask	type	Task
TeacherUser	hasCapability	Transparency
AlexLearningSupportUseCase	type	UseCase
UserState_AIOverReliance	type	Context
DecisionEvent_PolicySimulation	hasOutputData	Recommendation_PolicyOption
ClinicalAIDecisionSupportTool	hasCapability	Transparency
OntologyMaintenanceContext	type	Context
DecisionEvent_EnvironmentReconstruction	hasOutputData	Justification_DataDrivenReconstruction
DecisionEvent_PolicySimulation	hasInputData	Data_PolicySimulationParameters
TrustCalibrationAssessmentTask	requiresCapability	TrustAssessmentCapability
DrivingRecommendationExecution_01	towardsGoal	SupportSafeDrivingGoal
BrainAgeEvaluation	hasExperiment	BrainAgeExperiment
SupportPersonalizedLearningGoal	type	Goal
requiresTask	range	Task
CollaborativeLearningPlanInteraction_01	hasAgentInvolved	AssistiveRobot
GuidedRobotInteractionTask	requiresCapability	ReactiveResponse
BrainAgeAssessmentExecution	type	TaskExecution
NeurologistAgent	hasCapability	ExplainabilityCapability
DAG20PureRandomStrategyExperiment	type	Experiment
CollaborationBased	type	Method
ImproveLearningOutcomesGoal	requiresTask	EducationalPlanningTask
ClinicalCaseData	type	Data
SupportClinicalDecisionMakingGoal	type	Goal
LinearRegressionMethod	type	Method
Task_CollaborativeGameStrategy	requiresCapability	Collaborativeness
DecisionSupportEvaluation	hasExperiment	IncreasingConfidenceNotifyExperiment
AISecuritySystem	hasCapability	ContinuousLearning
Human_User	type	HumanAgent
AutonomousCausalLearner	hasCapability	InterveneOnActionableNodes
MLPractitionerAgent	hasCapability	InteractiveModelInspectionCapability
operatesInContext	domain	Agent
LongTermChatbotMemoryTeam	hasGoal	MaintainLongTermConversationGoal
DrivingSupportTeam	hasMember	TeslaAutosteer
ReactiveResponse	allowsTask	GuidedRobotInteractionTask
PersonalizedLearningSupportExecution_01	hasInteractionEpisode	ProgressReportingInteraction_01
Communication	type	Capability
TeslaAutosteer	hasCapability	SituationalAwareness
ClinicalAdviceTakingInteraction_01	type	Interaction
LongMemo5Dataset	type	Data
LongTermMemoryRetrievalExecution	performedBy	GraphMemoAgent
DecisionEvent_EnvironmentReconstruction	performedBy	Human_Researcher
ArchivalFootageAISystem	hasCapability	ReinforcementLearningSupport
RapidExplanationGeneration	allowsTask	RestoreAccessTask
SecurityDecisionMaking	allowsTask	RestoreAccessTask
PolicySimulationAgent	type	ArtificialAgent
RestoreAccessTask	requiresCapability	RapidExplanationGeneration
BrainAgeAssessmentExecution	hasInputData	BrainImagingData
TrustAssessmentSystem	hasCapability	TrustAssessmentCapability
ProvideMatchingSuggestions	type	Capability
PolicySimulationGoal	requiresTask	ParticipatoryPolicySimulationTask
ResearchOptimizationTask	requiresCapability	ResearchCoordination
CodeGenerationController	hasCapability	Responsibility
VoiceToTextTask	requiresCapability	Communication
executesTask	range	Task
Interaction_LifestyleRecommendation	hasAgentInvolved	AI_SocialHealthCoach
DecreasingConfidenceNotifyExperiment	type	Experiment
ProteinAnalysisTask	type	Task
CodeGenerationExecution_01	type	TaskExecution
hasOutputData	domain	TaskExecution
DecreasingConfidenceNoNotifyExperiment	hasMetricTested	DecisionQualityMetric
PreserveAndCurateArchivalKnowledgeGoal	requiresTask	ArchivalCollectionTask
ProteinAnalysisTask	requiresCapability	ClinicalJudgment
towardsGoal	domain	TaskExecution
Clinician	hasCapability	DecisionConfidence
isAssignedToTask	domain	Agent
BrainAgeExperiment	hasMetricTested	UsabilityMetric
GuidedRobotInteractionTask	type	Task
HybridHumanPolicyTeam	hasMember	ABSSSimulationSystem
ABSSSimulationSystem	hasCapability	SimulateSocialInteractions
hasCapabilityConcept	domain	Capability
TrustCalibrationTeam	hasMember	ClinicianAgent
AI_PolicySimulationAgent	hasCapability	Adaptiveness
HILLInspectionTeam	hasMember	HILLFrameworkAgent
MLPractitionerAgent	operatesInContext	InteractiveMLInspectionContext
HealthcarePolicyMaker	type	HumanAgent
LiteratureReview	allowsTask	LiteratureCrossReferencingTask
Data_GazeTrackingStream	type	Data
AxiomWeakening	type	Method
TeslaAutosteer	hasCapability	Adaptiveness
CulturalHeritageSteward	hasCapability	CulturalStewardship
CollaborativeGameplayTeam	hasMember	ChildUser
DecisionEvent_MoralJudgement	performedBy	Human_Expert
ClinicalDecisionSupportCapability	type	Capability
AssistiveRobot	hasCapability	Communication
Interaction_TrustCalibration	type	Interaction
AssistiveRobot	hasCapability	NormAwareness
AdultUser	hasCapability	Responsibility
ImproveCybersecurityResponseGoal	requiresTask	RestoreAccessTask
ExplainabilityCapability	type	Capability
RestoreAccessTask	type	Task
ProteinAnalysisExecution	hasInteractionEpisode	ProteinInterpretationInteraction
BlockSuspiciousTrafficExecution	towardsGoal	ImproveCybersecurityResponseGoal
CrossCheckThreatPredictionTask	requiresCapability	SecurityDecisionMaking
ProduceSimulationInsights	allowsTask	RefinePolicyScenariosTask
EducationalPlanningExecution	towardsGoal	ImproveLearningOutcomesGoal
FaceMatchingTaskExecution	performedBy	HumanFaceMatcher
hasAgentInvolved	range	Agent
LongTermDialogueTeam	type	HITeam
EducationalPlanningTask	type	Task
PolicySimulationTeam	hasGoal	PolicySimulationGoal
TherapeuticExpertise	type	Capability
CybersecurityExpert	type	HumanAgent
DecisionEvent_PolicySimulation	hasInteractionEpisode	Interaction_PolicySimulation
HILLFrameworkAgent	type	ArtificialAgent
LongTermDialogueExecution_01	hasOutputData	DialogueResponseData
FaceMatchingTaskExecution	usesModel	FaceMatchingDecisionSupportModel
Data_PolicySimulationParameters	type	Data
CollaborativeGameplayTeam	hasMember	RobotAgent
CodeAssistantTeam	type	HITeam
BrainAgeExperiment	type	Experiment
ClinicalUncertaintyCommunicationUseCase	hasHITeam	ClinicalDecisionSupportTeam
LeahTeacher	hasCapability	TechnologyEnthusiasm
hasCapability	range	Capability
hasMember	domain	HITeam
ClinicalRecommendationExecution_01	hasOutputData	ClinicalRecommendationData
InSilicoPolicyInterventionExperiment	type	Experiment
HybridHumanPolicyTeam	type	HITeam
DecisionEvent_EnvironmentReconstruction	type	TaskExecution
SupportHealthcarePolicyDecisionsGoal	requiresTask	RefinePolicyScenariosTask
CrossCheckThreatPredictionExecution	hasInteractionEpisode	CybersecurityThreatReviewInteraction
StrategyComparisonEvaluation	hasExperiment	DAG20MaxStrategyExperiment
KnowledgeAcquisitionInteraction_01	hasAgentInvolved	FormalizationAssistantAgent
Interaction_GazeInteraction1	type	Interaction
NoMachineExperiment	hasMetricTested	DecisionQualityMetric
Task_MoralJudgementSupport	requiresCapability	Transparency
CybersecurityExpert	hasCapability	CybersecurityContextAssessment
evaluatedBy	range	Evaluation
ArchivalSegmentationModel	type	Model
Static5Experiment	hasMetricTested	DecisionQualityMetric
CodeGenerationExecution_01	hasInputData	PromptSpecificationData
KnowledgeFormalizationExecution_01	performedBy	Human_Expert
DecisionEvent_LifestyleRecommendation	type	TaskExecution
hasMethodConcept	domain	Method
InterpretSimulationResultsTask	requiresCapability	ProduceSimulationInsights
ArchivalCollectionTask	type	Task
DecisionEvent_EnvironmentReconstruction	hasOutputData	Recommendation_ReconstructionHypothesis
GuidedRobotInteractionTask	requiresCapability	TechnologyEnthusiasm
ParticipatoryPolicySimulationTask	requiresCapability	Transparency
DecisionEvent_LifestyleRecommendation	realizesTask	Task_LifestyleRecommendation
ProteinDiscoveryResearchContext	type	Context
OntologyEvolutionTeam	hasMember	Human_Expert
Data_TrustGameLogs	type	Data
ConversationalAIDomain	type	Domain
StrategyComparisonEvaluation	hasExperiment	DAG20RandomStrategyExperiment
isInfluencedBy	inverseOf	hasInfluenceOn
GraphMemoAgent	hasCapability	LongTermMemoryCapability
DAG20MaxStrategyExperiment	hasMetricTested	StrategyPerformanceMetric
RepeatedInterventionsExecution	usesModel	CausalDiscoveryModel
LongTermDialogueExecution_01	performedBy	Chatbot
NeurologistAgent	operatesInContext	ClinicalNeurodiagnosticContext
CodeAssistantUseCase	hasDomain	SoftwareEngineeringDomain
DrivingRecommendationExecution_01	performedBy	TeslaAutosteer
ProteinAnalysisTask	requiresCapability	ProteinStructurePrediction
hasExperiment	domain	Evaluation
CybersecurityThreatReviewInteraction	type	Interaction
TrustCalibrationUseCase	hasHITeam	TrustCalibrationTeam
EducationalPlanningExecution	type	TaskExecution
HumanParticipant	performsExecution	GazeAwareDialogueExecution
ImproveFaceMatchingDecisionsGoal	requiresTask	AssessInfluenceAndConfirmationTask
FaceMatchingHITeam	type	HITeam
PersonalizedLearningSupportExecution_01	performedBy	AssistiveRobot
HILLInspectionInteraction	hasAgentInvolved	MLPractitionerAgent
LongTermMemoryChatbotUseCase	hasHITeam	LongTermDialogueTeam
Interaction_MoralJudgement	hasAgentInvolved	AI_LLM_MoralReasoner
EducationalPlanningTask	requiresCapability	TechnologyEnthusiasm
Symbolic	type	Method
hasMember	range	Agent
ProteinInterpretationInteraction	hasAgentInvolved	DrEmilyChen
ClinicalDecisionSupportTeam	hasMember	Clinician
TeacherUser	operatesInContext	CooperativeCuisine
SupportSafeDrivingGoal	type	Goal
FaceMatchingHardSetTask	type	Task
BrainAgeExplanationExecution	realizesTask	ExplainBrainAgePredictionTask
FaceMatchingTaskExecution	towardsGoal	ImproveFaceMatchingDecisionsGoal
allowsTask	domain	Capability
CausalDiscoveryTeam	hasMember	AutonomousCausalLearner
HILLInspectionModel_Instance	hasInputData	PAMAP2SensorData
Task_TrustCalibration	requiresCapability	Adaptiveness
VRDialogueTeam	hasMember	VRConversationalAgent
AlexLearningSupportTeam	hasGoal	SupportPersonalizedLearningGoal
AssistiveRobot	type	ArtificialAgent
HumanFaceMatchingJudgment	type	Capability
hasUseCaseConcept	domain	UseCase
EducationalPlanningExecution	performedBy	LeahTeacher
Task_MoralJudgementSupport	type	Task
ClinicalDecisionSupportTeam	hasMember	ClinicalAIDecisionSupportTool
NeuroSymbolic	type	Method
ArchiveVideoSegmentationExecution	performedBy	ArchivalFootageAISystem
ArchivalFootageAISystem	type	ArtificialAgent
ClinicalDecisionSupportTeam	hasGoal	SupportClinicalDecisionMakingGoal
ChildAssessmentTask	requiresCapability	TherapeuticExpertise
ClinicalAdviceTakingInteraction_01	hasAgentInvolved	ClinicalAIDecisionSupportTool
DrivingRecommendationExecution_01	hasOutputData	DrivingRecommendationData
HealthcareDomain	type	Domain
SoftwareEngineeringDomain	type	Domain
PolicySimulationExecution	hasInteractionEpisode	PolicySimulationInteraction
LiteratureCrossReferencingTask	requiresCapability	LiteratureReview
HILLInspectionTeam	hasGoal	ImproveHumanModelInspectionGoal
HybridHumanPolicyTeam	hasMember	HealthcarePolicyMaker
CodeGenerationTask	requiresCapability	Communication
ArchivalSegmentationModel	hasMethod	MultimodalSegmentationMethod
AlexLearningSupportTeam	hasMember	Alex
UserState_HighVisualAttention	type	Context
HybridHumanPolicyModelingUseCase	hasDomain	PublicPolicyDomain
ChildAssessmentTask	requiresCapability	BehavioristApproach
ABSSSimulationSystem	hasCapability	ProduceSimulationInsights
ClinicalRecommendationExecution_01	towardsGoal	SupportClinicalDecisionMakingGoal
Recommendation_TrustAdjustment	type	Data
UserState_ResearchCognitiveLoad	type	Context
IncreasingConfidenceNotifyExperiment	type	Experiment
CodeAssistantTeam	hasMember	CodeGenerationController
HumanFaceMatcher	type	HumanAgent
ClinicianAgent	hasCapability	TrustAssessmentCapability
MaintainOntologyQualityGoal	type	Goal
DrEmilyChen	type	HumanAgent
BrainAgeAssessmentTask	requiresCapability	ClinicalDecisionSupportCapability
LearningSupportRecommendationData	type	Data
FaceMatchingNormalSetTask	requiresCapability	HumanFaceMatchingJudgment
Statistical	type	Method
BrainImagingData	type	Data
DrEmilyChen	hasCapability	LiteratureReview
BehavioristApproach	type	Capability
BrainAgePredictionTeam	isInfluencedBy	ClinicalNeurodiagnosticContext
GraphMemoMemorySystem	type	Model
ProteinModelGenerationTask	requiresCapability	ThreeDimensionalModelGeneration
LiteratureCrossReferencingExecution	realizesTask	LiteratureCrossReferencingTask
DecisionEvent_LifestyleRecommendation	hasOutputData	Justification_BehavioralAnalysis
hasInteractionIntentConcept	domain	Interaction
IdentifyNeuroprotectiveProteinsGoal	requiresTask	ResearchOptimizationTask
FaceMatchingTaskExecution	type	TaskExecution
ClinicalRecommendationTask	requiresCapability	Communication
AutonomousCausalLearner	hasCapability	ApplyLinearRegression
Justification_GazeBasedPersonalization	type	Data
ArchiveVideoSegmentationExecution	towardsGoal	PreserveAndCurateArchivalKnowledgeGoal
ThreeDimensionalModelGeneration	type	Capability
usesModel	range	Model
KnowledgeFormalizationTeam	isInfluencedBy	KnowledgeAcquisitionBottleneckContext
OntologyRepairExecution_01	type	TaskExecution
hasMetricConcept	domain	Metric
RobotAssistedLearningUseCase	hasDomain	EducationDomain
RestoreAccessExecution	realizesTask	RestoreAccessTask
Recommendation_GazePersonalizedResponse	type	Data
GameplayInteraction_01	hasAgentInvolved	ChildUser
KnowledgeAcquisitionInteraction_01	hasAgentInvolved	Human_Expert
ProteinInterpretationInteraction	hasAgentInvolved	AlphaFoldSystem
Negotiation	allowsTask	DataGovernanceNegotiationTask
AssistiveRobot	hasCapability	Transparency
HumanFaceMatcher	operatesInContext	FaceMatchingStudyContext
PolicySimulationInteraction	hasAgentInvolved	ABSSSimulationSystem
requiresTask	domain	Goal
Interaction_PolicySimulation	type	Interaction
hasMethod	range	Method
Negotiation	type	Capability
Justification_TrustFactorModel	type	Data
AutonomousCausalLearner	operatesInContext	SimulatedWorldContext
NaoRobot	hasCapability	WizardOfOzInteraction
HILLExperiment	type	Experiment
ClinicalAIDecisionSupportTool	hasCapability	Communication
InterpretSimulationResultsTask	requiresCapability	QualitativeExpertJudgment
GeometryFriends	type	Context
PersonalizedLearningSupportExecution_01	type	TaskExecution
AI_PolicySimulationAgent	type	ArtificialAgent
HILLInspectionExecution	hasInputData	PAMAP2SensorData
TrustCalibrationInteraction	type	Interaction
HILLEvaluation	hasMetricConcept	ModelAccuracyMetric
HILLInspectionModel_Instance	type	Model
DecisionEvent_MoralJudgement	hasInteractionEpisode	Interaction_MoralJudgement
EvaluateStrategiesTask	requiresCapability	ApplyLinearRegression
MaintainOntologyQualityGoal	requiresTask	OntologyRepairTask
VRDialogueInteraction	type	Interaction
LearningOutcomeExperiment	type	Experiment
Evidence_LifestyleLogs	type	Data
GPT_4o_mini	hasMethod	Statistical
HILLInspectionTeam	hasMember	MLPractitionerAgent
BrainAgeExplanationExecution	type	TaskExecution
LongTermDialogueTask	type	Task
PedagogicalSkills	allowsTask	EducationalPlanningTask
EducationDomain	type	Domain
Human_User	operatesInContext	UserState_AIOverReliance
RecommendationTask	requiresCapability	Collaborativeness
SpreadingActivation	type	Method
KnowledgeFormalizationUseCase	type	UseCase
ScientificDataProcessing	allowsTask	ProteinAnalysisTask
Static50Experiment	hasMetricTested	DecisionQualityMetric
AlexLearningSupportUseCase	hasDomain	EducationDomain
GraphMemoModel_Instance	hasMethod	GraphMemoryMethod
GPT_4o_mini	type	Model
UserIntentionResolutionTask	requiresCapability	DynamicMentalizing
CybersecurityContextAssessment	type	Capability
ArchivalFootageAISystem	hasCapability	MultimodalUnderstanding
OntologyRepairTask	type	Task
AgentBasedSocialSimulationMethod	type	Method
Therapist	type	HumanAgent
FaceMatchingTaskExecution	evaluatedBy	DecisionSupportEvaluation
PolicySimulationTeam	hasMember	PolicySimulationAgent
ClinicalJudgment	allowsTask	ProteinAnalysisTask
SecurityDecisionMaking	allowsTask	CrossCheckThreatPredictionTask
ConsentAndGovernanceNegotiationExecution	performedBy	CulturalHeritageSteward
ProteinStructurePrediction	type	Capability
GuidedRobotInteractionExecution	hasInteractionEpisode	GuidedLearningInteraction
DecisionEvent_GazeInteraction1	type	TaskExecution
FaceMatchingHITeam	hasMember	FaceMatchingDecisionSupportSystem
ArchivalFootageDataset	type	Data
Recommendation_LifestyleChange	type	Data
DecisionEvent_TrustCalibration	hasInteractionEpisode	Interaction_TrustCalibration
SimulatedWorldContext	type	Context
KnowledgeFormalizationExecution_01	hasInputData	FormalizationInputData
LearningSupportEvaluation	hasExperiment	LearningOutcomeExperiment
Interaction_GazeInteraction1	hasAgentInvolved	AI_GazeAwareConversationalAgent
PreserveAndCurateArchivalKnowledgeGoal	type	Goal
ABSSWhatIfAnalysisExecution	performedBy	ABSSSimulationSystem
executesTask	domain	Agent
GraphMemoMemorySystem	hasMethod	SpreadingActivation
LeahTeacher	type	HumanAgent
CodeAssistantTeam	hasGoal	SupportCodeAuthoringGoal
BrainAgeAssessmentExecution	realizesTask	BrainAgeAssessmentTask
RobotAssistedLearningTeam	hasMember	LeahTeacher
CodeGenerationInteraction_01	type	Interaction
LongTermDialogueContext	type	Context
TrustAssessmentSystem	performsExecution	TrustCalibrationExecution
TrustCalibrationExecution	towardsGoal	DetectTrustCalibrationGoal
InSilicoPolicyInterventionExperiment	hasMetricTested	PolicyScenarioOutcomeMetric
DialogueResponseData	type	Data
BrainAgeSupportSystem	performsExecution	BrainAgeAssessmentExecution
AI_EEG_TrustCalibrationSystem	type	ArtificialAgent
KnowledgeFormalizationTeam	hasMember	Human_Expert
HILLInspectionExecution	performedBy	HILLFrameworkAgent
CollaborativeGameplayUseCase	hasHITeam	CollaborativeGameplayTeam
HumanFaceMatcher	hasCapability	HumanFaceMatchingJudgment
Interaction_LifestyleRecommendation	type	Interaction
TrustCalibrationInteraction	hasAgentInvolved	ClinicianAgent
LongMemoDialogueData	type	Data
FormalRuleGenerationTask	requiresCapability	Communication
AlphaFoldPredictionModel	hasInputData	ProteinSequenceDataset
UserState_TrustInAITeammate	type	Context
AI_PolicySimulationAgent	hasCapability	Transparency
ImproveCybersecurityResponseGoal	requiresTask	CrossCheckThreatPredictionTask
ChildUser	operatesInContext	GeometryFriends
Human_User	operatesInContext	UserState_TrustCalibrationLevel
CoCreation	type	Method
HILLExperiment	hasMetricTested	ModelAccuracyMetric
PolicySimulationTeam	hasMember	PolicyAnalyst
LearningSupportPlanningInteraction	type	Interaction
LatentSpaceInspectionData	type	Data
CrossCheckThreatPredictionExecution	towardsGoal	ImproveCybersecurityResponseGoal
Therapist	operatesInContext	PersonalizedLearningContext
ClinicalDecisionSupportTeam	type	HITeam
ProgressMonitoring	type	Capability
TrustCalibrationInteraction	hasAgentInvolved	TrustAssessmentSystem
Task_EnvironmentReconstruction	type	Task
Task_PolicySimulation	type	Task
OntologyEvolutionTeam	hasMember	LLM_Agent
CollaborativeLearningPlanInteraction_01	hasAgentInvolved	TeacherUser
VRConversationalInteractionUseCase	hasDomain	VirtualRealityDomain
DecisionEvent_GazeInteraction1	performedBy	AI_GazeAwareConversationalAgent
FormalizeKnowledgeGoal	type	Goal
CollaborativeLearningPlanInteraction_01	type	Interaction
Interaction_GazeInteraction1	hasAgentInvolved	Human_User
DecisionEvent_MoralJudgement	hasOutputData	Justification_MoralReasoning
DetectTrustCalibrationGoal	type	Goal
LongTermChatbotMemoryUseCase	hasDomain	ConversationalAIDomain
CollaborativeGameplayUseCase	hasDomain	EducationDomain
CausalDiscoveryTeam	type	HITeam
KnowledgeAcquisitionInteraction_01	type	Interaction
AI_SocialHealthCoach	hasCapability	Responsibility
TrustCalibrationExperiment	type	Experiment
LearningSupportPlanningInteraction	hasAgentInvolved	LeahTeacher
CybersecurityExpert	performsExecution	CrossCheckThreatPredictionExecution
StrategyComparisonEvaluation	type	Evaluation
InteractiveModelInspectionCapability	type	Capability
LongTermConversationInteraction	hasAgentInvolved	GraphMemoAgent
CollaborativeGameplayTeam	type	HITeam
IdentifyNeuroprotectiveProteinsGoal	requiresTask	ProteinAnalysisTask
SupportBrainAgeInterpretationGoal	requiresTask	ExplainBrainAgePredictionTask
ProvideMatchingSuggestions	allowsTask	FaceMatchingNormalSetTask
BrainAgePredictionOutput	type	Data
ProduceSimulationInsights	type	Capability
TrustCalibrationExecution	realizesTask	TrustCalibrationAssessmentTask
LongTermDialogueTask	requiresCapability	UserModeling
MemoryAugmentedDialogueInteraction_01	hasAgentInvolved	Chatbot
allowsTask	range	Task
CooperativeCuisine	type	Context
ResearchOptimizationTask	type	Task
CausalDiscoveryTeam	isInfluencedBy	SimulatedWorldContext
EEGTrustSignalData	type	Data
AI_TrustGameTeammate	hasCapability	Collaborativeness
PolicySimulationInteraction	hasAgentInvolved	HealthcarePolicyMaker
IncreasingConfidenceNotifyExperiment	hasMetricTested	DecisionQualityMetric
SupportCodeAuthoringGoal	requiresTask	QuestionAnsweringTask
ArchivalFootageAISystem	operatesInContext	ArchivalCurationContext
ExplainableBoostingMethod	type	Method
ClinicalNeurodiagnosticContext	type	Context
Therapist	hasCapability	Communication
ChildAssessmentExecution	towardsGoal	ImproveLearningOutcomesGoal
hasInteractionEpisode	domain	TaskExecution
Therapist	hasCapability	NormAwareness
DecisionEvent_GazeInteraction1	hasOutputData	Justification_GazeBasedPersonalization
HILLFrameworkAgent	performsExecution	HILLInspectionExecution
TrustCalibrationEvaluation	hasExperiment	TrustCalibrationExperiment
CulturalStewardship	type	Capability
Human_Expert	operatesInContext	UserState_TrustInLLM
ClinicalJudgment	type	Capability
GuidedLearningInteraction	type	Interaction
GameplayCoordinationExecution_01	type	TaskExecution
DecisionEvent_MoralJudgement	hasInputData	Evidence_MoralDataset
KnowledgeFormalizationExecution_01	towardsGoal	FormalizeKnowledgeGoal
Human_User	operatesInContext	UserState_HighVisualAttention
ContinuousLearning	allowsTask	CrossCheckThreatPredictionTask
ArchiveVideoSegmentationExecution	type	TaskExecution
FaceMatchingNormalSetTask	requiresCapability	ProvideMatchingSuggestions
realizesTask	range	Task
DynamicMentalizing	type	Capability
DecisionEvent_GazeInteraction1	performedBy	Human_User
DecisionSupportEvaluation	hasExperiment	DecreasingConfidenceNotifyExperiment
CodeGenerationInteraction_01	hasAgentInvolved	AdultUser
ChildAssessmentTask	type	Task
BiometricsAndForensicsDomain	type	Domain
performsExecution	range	TaskExecution
FaceMatchingHITeam	hasGoal	ImproveFaceMatchingDecisionsGoal
AdaptiveCybersecurityUseCase	type	UseCase
LatentSpaceInspectionTask	type	Task
ReconstructHiddenCausalDAGGoal	requiresTask	EvaluateStrategiesTask
ImproveFaceMatchingDecisionsGoal	type	Goal
DecisionSupportEvaluation	hasExperiment	NoMachineExperiment
ProteinInterpretationInteraction	type	Interaction
BrainAgeExperiment	hasMetricTested	InterpretabilityMetric
LongTermDialogueExecution_01	realizesTask	LongTermDialogueTask
ExplainBrainAgePredictionTask	type	Task
LongTermMemoryChatbotUseCase	hasDomain	ConversationalAIDomain
ProvideMatchingSuggestions	allowsTask	FaceMatchingHardSetTask
GuidedLearningInteraction	hasAgentInvolved	LeahTeacher
GuidedRobotInteractionExecution	performedBy	NaoRobot
TrustCalibrationEvaluation	type	Evaluation
CodeGenerationExecution_01	realizesTask	CodeGenerationTask
LongTermMemoryRetrievalExecution	type	TaskExecution
ApplyLinearRegression	allowsTask	EvaluateStrategiesTask
RobotAssistedLearningContext	type	Context
OntologyRepairExecution_01	towardsGoal	MaintainOntologyQualityGoal
ParticipatoryPolicySimulationTask	type	Task
DecisionEvent_TrustCalibration	hasInputData	Evidence_EEGSignalsUsed
HILLInspectionUseCase	type	UseCase
hasInteractionModalityConcept	domain	Interaction
ABSSWhatIfAnalysisExecution	type	TaskExecution
ABSSWhatIfAnalysisExecution	performedBy	HealthcarePolicyMaker
ArchivalGovernanceInteraction	hasAgentInvolved	CulturalHeritageSteward
Task_TrustCalibration	requiresCapability	Transparency
PersonalizedLearningSupportExecution_01	realizesTask	PersonalizedLearningSupportTask
isInfluencedBy	domain	HITeam
hasEvaluationConcept	domain	Evaluation
requiresCapability	domain	Task
RobotAssistedLearningTeam	hasMember	NaoRobot
hasOutputData	range	Data
TrustCalibrationExperiment	hasMetricTested	TrustCalibrationMetric
Interaction_MoralJudgement	hasAgentInvolved	Human_Expert
PersonalizedLearningSupportExecution_01	hasInteractionEpisode	CollaborativeLearningPlanInteraction_01
BrainAgeAssessmentExecution	towardsGoal	SupportBrainAgeInterpretationGoal
performsExecution	domain	Agent
AssistiveRobot	hasCapability	Engagement
EducationalPlanningExecution	realizesTask	EducationalPlanningTask
DecisionEvent_TrustCalibration	type	TaskExecution
AdultUser	type	HumanAgent
LongTermDialogueTask	requiresCapability	Communication
FaceMatchingDecisionSupportUseCase	hasDomain	BiometricsAndForensicsDomain
InterveneOnActionableNodes	type	Capability
Interaction_EnvironmentReconstruction	type	Interaction
AdaptiveCybersecurityUseCase	hasDomain	SecurityDomain
NaoRobot	performsExecution	GuidedRobotInteractionExecution
ArchiveVideoSegmentationTask	requiresCapability	ReinforcementLearningSupport
DesignerUser	type	HumanAgent
RecommendationTask	type	Task
PositiveReinforcementInteraction_01	hasAgentInvolved	Alex
DecisionEvent_GazeInteraction1	hasInputData	Data_GazeTrackingStream
LongTermMemoryExperiment	type	Experiment
TrustCalibrationExecution	evaluatedBy	TrustCalibrationEvaluation
SupportCodeAuthoringGoal	type	Goal
RunSocialSimulationsTask	requiresCapability	SimulateSocialInteractions
BrainAgePredictionUseCase	hasHITeam	BrainAgePredictionTeam
AI_LLM_MoralReasoner	hasCapability	Responsibility
DrivingSupportTeam	hasMember	AdultUser
HILLInspectionUseCase	hasDomain	ArtificialIntelligenceResearchDomain
SupportPersonalizedLearningGoal	requiresTask	PersonalizedLearningSupportTask
SupportClinicalDecisionMakingGoal	requiresTask	ClinicalRecommendationTask
Evidence_GazeAttentionData	type	Data
ClinicianAgent	type	HumanAgent
hasAgentConcept	domain	Agent
realizesTask	domain	TaskExecution
DecisionEvent_CollaborativeGameStrategy	type	TaskExecution
CybersecurityResponseTeam	hasGoal	ImproveCybersecurityResponseGoal
CausalDiscoveryInteraction	hasAgentInvolved	HumanExperimenter
PersonalizedLearningSupportExecution_01	hasOutputData	LearningSupportRecommendationData
ArchiveVideoSegmentationExecution	hasInteractionEpisode	ArchivalGovernanceInteraction
CybersecurityResponseTeam	hasMember	AISecuritySystem
ArchivalGovernanceInteraction	hasAgentInvolved	ArchivalFootageAISystem
CausalDiscoveryInteraction	type	Interaction
DecreasingConfidenceNoNotifyExperiment	type	Experiment
ProteinAnalysisExecution	hasInputData	ProteinSequenceDataset
RestoreAccessExecution	performedBy	CybersecurityExpert
GameplayCoordinationExecution_01	towardsGoal	EnableCollaborativeGameplayGoal
EvaluateStrategiesTask	type	Task
HybridHumanPolicyTeam	hasGoal	SupportHealthcarePolicyDecisionsGoal
ABSSWhatIfAnalysisExecution	evaluatedBy	PolicyScenarioEvaluation
BrainAgePredictionModel_Instance	hasOutputData	BrainAgePredictionOutput
SupportBrainAgeInterpretationGoal	type	Goal
StrategyComparisonEvaluation	hasExperiment	DAG20MinStrategyExperiment
TrustCalibrationExecution	hasInteractionEpisode	TrustCalibrationInteraction
hasHITeam	domain	UseCase
Task_TrustCalibration	type	Task
Creativity	type	Capability
FormalRuleGenerationTask	requiresCapability	Transparency
CybersecurityExpert	operatesInContext	AdaptiveCybersecurityContext
LiteratureCrossReferencingExecution	towardsGoal	IdentifyNeuroprotectiveProteinsGoal
Task_GazePersonalization	requiresCapability	Adaptiveness
QualitativeExpertJudgment	allowsTask	RefinePolicyScenariosTask
TrustCalibrationEvaluation	hasMetricConcept	TrustCalibrationMetric
NeurosymbolicRepairInteraction_01	hasAgentInvolved	Human_Expert
BrainAgeAssessmentExecution	usesModel	BrainAgePredictionModel_Instance
IdentifyNeuroprotectiveProteinsGoal	type	Goal
Task_CollaborativeGameStrategy	type	Task
VRConversationalAgent	type	ArtificialAgent
GameplayCoordinationData	type	Data
CollaborativeGameplayUseCase	type	UseCase
HumanFaceMatchingJudgment	allowsTask	FaceMatchingNormalSetTask
SupportHealthcarePolicyDecisionsGoal	requiresTask	RunSocialSimulationsTask
FaceMatchingTaskExecution	performedBy	FaceMatchingDecisionSupportSystem
VoiceToTextTask	type	Task
BrainAgePredictionModel_Instance	type	Model
TrustCalibrationTeam	hasMember	TrustAssessmentSystem
isInfluencedBy	range	Context
BrainAgeExplanationExecution	hasInputData	BrainAgePredictionOutput
LongTermChatbotMemoryUseCase	hasHITeam	LongTermChatbotMemoryTeam
isAssignedToTask	range	Task
hasMetricConcept	domain	Evaluation
LongTermChatbotMemoryTeam	hasMember	ChatbotUserAgent
DetectTrustCalibrationGoal	requiresTask	TrustCalibrationAssessmentTask
GraphMemoAgent	type	ArtificialAgent
TrustAssessmentSystem	type	ArtificialAgent
UserIntentionResolutionTask	requiresCapability	Adaptiveness
LongTermMemoryCapability	type	Capability
Clinician	hasCapability	TrustInAutomation
DAG20MaxStrategyExperiment	type	Experiment
ComputeInteractionMetrics	allowsTask	AssessInfluenceAndConfirmationTask
AI_TrustGameTeammate	hasCapability	Communication
ChildAssessmentExecution	performedBy	AnnaTherapist
RepeatedInterventionsExecution	realizesTask	EvaluateStrategiesTask
LongTermMemoryRetrievalExecution	evaluatedBy	LongTermMemoryEvaluation
CodeGenerationController	hasCapability	Communication
LongTermDialogueExecution_01	hasInteractionEpisode	MemoryAugmentedDialogueInteraction_01
MemoryRetentionMetric	type	Metric
HILLEvaluation	type	Evaluation
RepeatedInterventionsExecution	performedBy	AutonomousCausalLearner
Static95Experiment	type	Experiment
KnowledgeFormalizationUseCase	hasDomain	KnowledgeEngineeringDomain
DrivingRecommendationData	type	Data
PositiveReinforcementInteraction_01	hasAgentInvolved	AssistiveRobot
LongTermDialogueTeam	isInfluencedBy	LongContextInteractionContext
OntologyRepairExecution_01	hasInputData	CandidateKnowledgeBuffer
BlockSuspiciousTrafficExecution	performedBy	AISecuritySystem
HILLInspectionModel_Instance	hasMethod	KnowledgeDistillationMethod
ImproveCybersecurityResponseGoal	requiresTask	BlockSuspiciousTrafficTask
AlphaFoldSystem	type	ArtificialAgent
CollaborativeLearningPlanInteraction_01	hasAgentInvolved	Therapist
DecisionEvent_EnvironmentReconstruction	performedBy	AI_PaleoReconstructionAssistant
CybersecurityResponseTeam	hasMember	CybersecurityExpert
ProteinPredictionEvaluation	type	Evaluation
LongTermChatbotMemoryTeam	hasMember	GraphMemoAgent
ConsentAndGovernanceNegotiationExecution	type	TaskExecution
Static5Experiment	type	Experiment
Interaction_MoralJudgement	type	Interaction
TrustAssessmentModel_Instance	hasOutputData	TrustCalibrationAssessmentData
InterpretSimulationResultsTask	type	Task
CIFAR10ImageData	type	Data
GuidedLearningInteraction	hasAgentInvolved	NaoRobot
HumanFaceMatchingJudgment	allowsTask	FaceMatchingHardSetTask
Interaction_EnvironmentReconstruction	hasAgentInvolved	Human_Researcher
hasRoleConcept	domain	Agent
hasAgentInvolved	domain	Interaction
AdultUser	hasCapability	Communication
GeneratedCodeData	type	Data
DesignerUser	hasCapability	Communication
DiagnosticUncertaintyContext	type	Context
ProteinAnalysisExecution	evaluatedBy	ProteinPredictionEvaluation
hasCapability	domain	Agent
Recommendation_MoralChoice	type	Data
hasExperiment	range	Experiment
CausalDiscoveryUseCase	type	UseCase
CulturalHeritageSteward	type	HumanAgent
VRDialogueTeam	type	HITeam
ABSSWhatIfAnalysisExecution	towardsGoal	SupportHealthcarePolicyDecisionsGoal
ImproveHumanModelInspectionGoal	requiresTask	LatentSpaceInspectionTask
Chatbot	hasCapability	UserModeling
RestoreAccessTask	requiresCapability	SecurityDecisionMaking
DecisionEvent_EnvironmentReconstruction	hasInteractionEpisode	Interaction_EnvironmentReconstruction
PolicySimulationInteraction	type	Interaction
hasMetricTested	range	Metric
ChildUser	type	HumanAgent
HILLInspectionInteraction	type	Interaction
HILLFrameworkAgent	hasCapability	InteractiveModelInspectionCapability
RefinePolicyScenariosTask	requiresCapability	ProduceSimulationInsights
MLPractitionerAgent	type	HumanAgent
DecisionEvent_EnvironmentReconstruction	hasInputData	Data_ArchaeologyRecords
ChildAssessmentExecution	hasInteractionEpisode	LearningSupportPlanningInteraction
Task_GazePersonalization	requiresCapability	Communication
DrivingSensorData	type	Data
SupportCodeAuthoringGoal	requiresTask	ExplainabilityTask
RepeatedInterventionsExecution	performedBy	HumanExperimenter
PublicPolicySimulationUseCase	hasHITeam	PolicySimulationTeam
TrustCalibrationExecution	hasInputData	EEGTrustSignalData
VRDialogueInteraction	hasAgentInvolved	VRConversationalAgent
DrivingRecommendationExecution_01	realizesTask	RecommendationTask
DecisionConfidence	type	Capability
RobotAssistedLearningTeam	type	HITeam
HILLInspectionTeam	isInfluencedBy	InteractiveMLInspectionContext
Human_Expert	type	HumanAgent
BrainAgeAssessmentExecution	performedBy	BrainAgeSupportSystem
Interaction_CollaborativeGameStrategy	hasAgentInvolved	AI_TrustGameTeammate
BrainAgeAssessmentExecution	hasInteractionEpisode	BrainAgeInterpretationInteraction
CausalDiscoveryModel	hasMethod	LinearRegressionMethod
DecisionEvent_MoralJudgement	type	TaskExecution
PersonalizedLearningSupportTask	requiresCapability	Personalization
DataGovernanceNegotiationTask	type	Task
SustainLongTermDialogueGoal	type	Goal
InferCausalLinksTask	type	Task
ArchivalCurationTeam	type	HITeam
hasGoal	domain	HITeam
LongTermDialogueTeam	hasMember	Human_User
NeurosymbolicRepairInteraction_01	type	Interaction
GazeAwareDialogueExecution	realizesTask	GazeAwareDialogueTask
AI_TrustGameTeammate	type	ArtificialAgent
GameplayInteraction_01	type	Interaction
CulturalHeritageSteward	hasCapability	Negotiation
ConsentAndGovernanceNegotiationExecution	hasInteractionEpisode	ArchivalGovernanceInteraction
LongTermMemoryRetrievalExecution	towardsGoal	MaintainLongTermConversationGoal
EnableCollaborativeGameplayGoal	requiresTask	JointActionTask
ProteinDiscoveryTeam	hasMember	DrEmilyChen
ReconstructHiddenCausalDAGGoal	type	Goal
OntologyRepairExecution_01	realizesTask	OntologyRepairTask
CodeGenerationController	type	ArtificialAgent
HILLInspectionExecution	hasInteractionEpisode	HILLInspectionInteraction
HILLInspectionModel_Instance	hasInputData	CIFAR10ImageData
HealthcarePolicyMaker	hasCapability	QualitativeExpertJudgment
ExplainabilityTask	requiresCapability	Communication
ClinicalRecommendationExecution_01	performedBy	Clinician
GPT_4o_mini	hasMethod	Hybrid
CybersecurityResponseEvaluation	hasExperiment	CybersecurityResponseExperiment
Data_EEGSignals	type	Data
Task_PolicySimulation	requiresCapability	Adaptiveness
AutonomousCausalLearner	type	ArtificialAgent
Transparency	type	Capability
FaceMatchingStudyContext	hasInfluenceOn	FaceMatchingHITeam
BlockSuspiciousTrafficTask	type	Task
CausalDiscoveryTeam	hasMember	HumanExperimenter
GazeAwareDialogueTask	type	Task
DecisionEvent_PolicySimulation	type	TaskExecution
ClinicalRecommendationExecution_01	performedBy	ClinicalAIDecisionSupportTool
hasMetricTested	domain	Experiment
MaintainLongTermConversationGoal	type	Goal
HumanExperimenter	operatesInContext	SimulatedWorldContext
CodeGenerationTask	type	Task
TrustCalibrationMetric	type	Metric
Chatbot	hasCapability	Communication
CulturalHeritageSteward	performsExecution	ConsentAndGovernanceNegotiationExecution
PersonalizedLearningSupportTask	requiresCapability	Adaptiveness
ABSSWhatIfAnalysisExecution	realizesTask	RunSocialSimulationsTask
BrainAgePredictionUseCase	hasDomain	HealthcareDomain
Alex	hasCapability	Collaborativeness
ApplyLinearRegression	allowsTask	InferCausalLinksTask
OntologyRepairTask	requiresCapability	Communication
LatentSpaceInspectionTask	requiresCapability	InteractiveModelInspectionCapability
FormalizationAssistantAgent	type	ArtificialAgent
CausalDiscoveryTeam	hasGoal	ReconstructHiddenCausalDAGGoal
GuidedRobotInteractionTask	requiresCapability	WizardOfOzInteraction
ResearchCoordination	type	Capability
GameplayInteraction_01	hasAgentInvolved	RobotAgent
MultimodalUnderstanding	type	Capability
DrivingSupportTeam	type	HITeam
ABSSWhatIfAnalysisExecution	hasInteractionEpisode	PolicySimulationInteraction
DrEmilyChen	performsExecution	LiteratureCrossReferencingExecution
PolicySimulationTeam	type	HITeam
DecisionEvent_LifestyleRecommendation	hasInputData	Evidence_LifestyleLogs
AlphaFoldSystem	operatesInContext	ProteinDiscoveryResearchContext
AlexLearningSupportTeam	hasMember	AssistiveRobot
NeurosymbolicOntologyEvolutionUseCase	type	UseCase
AssistiveRobot	hasCapability	ProgressMonitoring
InferCausalLinksTask	requiresCapability	ApplyLinearRegression
RepeatedInterventionsExecution	evaluatedBy	StrategyComparisonEvaluation
GameplayCoordinationExecution_01	performedBy	RobotAgent
PersonalizedLearningSupportExecution_01	performedBy	Therapist
StrategyComparisonEvaluation	hasExperiment	DAG20PureRandomStrategyExperiment
PolicyScenarioOutcomeMetric	type	Metric
VirtualRealityDomain	type	Domain
GraphMemoModel_Instance	hasOutputData	RetrievedMemoryData
BrainAgeSupportSystem	type	ArtificialAgent
BrainAgeExplanationExecution	towardsGoal	SupportBrainAgeInterpretationGoal
ChatbotUserAgent	operatesInContext	LongTermDialogueContext
StrategyPerformanceMetric	type	Metric
DecisionEvent_TrustCalibration	performedBy	AI_EEG_TrustCalibrationSystem
NormAwareness	type	Capability
AnnaTherapist	hasCapability	TherapeuticExpertise
BrainAgeSupportSystem	hasCapability	ClinicalDecisionSupportCapability
ClinicalUncertaintyCommunicationUseCase	hasDomain	HealthcareDomain
hasInputData	domain	Model
OntologyEvolutionTeam	isInfluencedBy	OntologyMaintenanceContext
DecisionEvent_PolicySimulation	hasInputData	Evidence_SimulationParameters
HILLInspectionExecution	evaluatedBy	HILLEvaluation
HumanExperimenter	type	HumanAgent
GraphMemoModel_Instance	hasInputData	LongMemoDialogueData
PredictedProteinStructureData	type	Data
AnnaTherapist	hasCapability	BehavioristApproach
Static50Experiment	type	Experiment
OntologyEvolutionTeam	hasGoal	MaintainOntologyQualityGoal
RefinePolicyScenariosTask	requiresCapability	QualitativeExpertJudgment
NeurosymbolicRepairInteraction_01	hasAgentInvolved	LLM_Agent
CodeGenerationExecution_01	performedBy	CodeGenerationController
ArchiveVideoSegmentationExecution	realizesTask	ArchiveVideoSegmentationTask
HILLInspectionExecution	hasInputData	CIFAR10ImageData
VRConversationalInteractionUseCase	hasHITeam	VRDialogueTeam
ProteinDiscoveryUseCase	hasDomain	HealthcareDomain
Static95Experiment	hasMetricTested	DecisionQualityMetric
PatternRecognitionForThreatDetection	allowsTask	BlockSuspiciousTrafficTask
GraphMemoryMethod	type	Method
FormalizeKnowledgeGoal	requiresTask	FormalRuleGenerationTask
DecisionEvent_TrustCalibration	hasOutputData	Justification_EEGSignalAnalysis
usesModel	domain	TaskExecution
WizardOfOzInteraction	allowsTask	GuidedRobotInteractionTask
Recommendation_CollaborationStrategy	type	Data
TrustCalibrationExecution	usesModel	TrustAssessmentModel_Instance
hasInteractionEpisode	range	Interaction
AI_PaleoReconstructionAssistant	type	ArtificialAgent
ProteinPredictionExperiment	type	Experiment
CodeGenerationInteraction_01	hasAgentInvolved	CodeGenerationController
AI_EEG_TrustCalibrationSystem	hasCapability	Adaptiveness
GovernanceDomain	type	Domain
AlexLearningSupportTeam	type	HITeam
LongTermDialogueExecution_01	towardsGoal	SustainLongTermDialogueGoal
PolicySimulationExecution	towardsGoal	PolicySimulationGoal
SupportHealthcarePolicyDecisionsGoal	type	Goal
Interaction_TrustCalibration	hasAgentInvolved	AI_EEG_TrustCalibrationSystem
FormalizationAssistantAgent	hasCapability	Transparency
SimulatedWorldContext	hasInfluenceOn	CausalDiscoveryTeam
DecisionEvent_GazeInteraction1	hasOutputData	Recommendation_GazePersonalizedResponse
KnowledgeFormalizationExecution_01	hasOutputData	FormalRuleOutputData
LongTermConversationInteraction	hasAgentInvolved	ChatbotUserAgent
ChildAssessmentExecution	realizesTask	ChildAssessmentTask
PolicyScenarioEvaluation	hasExperiment	InSilicoPolicyInterventionExperiment
ProgressReportingInteraction_01	hasAgentInvolved	AssistiveRobot
QuestionAnsweringTask	type	Task
GazeAwareDialogueTask	requiresCapability	Adaptiveness
hasNullHypothesis	domain	Experiment
TrustCalibrationTeam	type	HITeam
hasDomain	domain	UseCase
ProteinAnalysisExecution	realizesTask	ProteinAnalysisTask
BrainAgeInterpretationInteraction	type	Interaction
DecisionEvent_LifestyleRecommendation	hasOutputData	Recommendation_LifestyleChange
BrainAgeExplanationExecution	usesModel	BrainAgePredictionModel_Instance
SupportBrainAgeInterpretationGoal	requiresTask	BrainAgeAssessmentTask
PersonalizedLearningSupportTask	requiresCapability	Communication
Alex	operatesInContext	PersonalizedLearningContext
DecisionEvent_CollaborativeGameStrategy	performedBy	AI_TrustGameTeammate
AI_SocialHealthCoach	hasCapability	Adaptiveness
CulturalHeritageSteward	operatesInContext	ArchivalCurationContext
PublicPolicyDomain	type	Domain
NeurosymbolicOntologyEvolutionUseCase	hasHITeam	OntologyEvolutionTeam
LiteratureCrossReferencingTask	type	Task
Responsibility	type	Capability
evaluatedBy	domain	TaskExecution
GuidedRobotInteractionExecution	evaluatedBy	LearningSupportEvaluation
ProteinDiscoveryUseCase	type	UseCase
ProteinAnalysisExecution	usesModel	AlphaFoldPredictionModel
ArchivalSegmentationModel	hasOutputData	TaggedArchivalSegments
Chatbot	type	ArtificialAgent
requiresCapability	inverseOf	allowsTask
Task_EnvironmentReconstruction	requiresCapability	Adaptiveness
Clinician	operatesInContext	DiagnosticUncertaintyContext
hasInfluenceOn	domain	Context
BrainAgePredictionTeam	hasGoal	SupportBrainAgeInterpretationGoal
VRDialogueTeam	hasMember	HumanParticipant
RepeatedInterventionsExecution	realizesTask	InferCausalLinksTask
hasInputData	domain	TaskExecution
towardsGoal	range	Goal
ArchivalCurationContext	type	Context
DecisionEvent_PolicySimulation	performedBy	Human_Expert
Interaction_CollaborativeGameStrategy	hasAgentInvolved	Human_User
ImproveLearningOutcomesGoal	type	Goal
PersonalizedLearningSupportExecution_01	hasInteractionEpisode	PositiveReinforcementInteraction_01
DecisionEvent_GazeInteraction1	hasInputData	Evidence_GazeAttentionData
Data_ArchaeologyRecords	type	Data
AssessInfluenceAndConfirmationTask	requiresCapability	ComputeInteractionMetrics
DrivingSupportTeam	hasGoal	SupportSafeDrivingGoal
HILLInspectionModel_Instance	hasOutputData	LatentSpaceInspectionData
JointActionTask	type	Task
VRDialogueInteraction	hasAgentInvolved	HumanParticipant
CodeGenerationTask	requiresCapability	Creativity
CausalDiscoveryDomain	type	Domain
PerformInterventionsTask	type	Task
RepeatedInterventionsExecution	towardsGoal	ReconstructHiddenCausalDAGGoal
RecommendationTask	requiresCapability	Responsibility
BrainAgeEvaluation	hasMetricConcept	UsabilityMetric
ContributionBased	type	Method
Interaction_PolicySimulation	hasAgentInvolved	Human_Expert
InterveneOnActionableNodes	allowsTask	PerformInterventionsTask
AlphaFoldSystem	hasCapability	ProteinStructurePrediction
RestoreAccessExecution	towardsGoal	ImproveCybersecurityResponseGoal
QualitativeExpertJudgment	type	Capability
FaceMatchingTaskExecution	realizesTask	FaceMatchingNormalSetTask
TechnologyEnthusiasm	type	Capability
ProteinStructurePrediction	allowsTask	ProteinAnalysisTask
PersonalizedLearningContext	type	Context
ArchivalCurationTeam	hasGoal	PreserveAndCurateArchivalKnowledgeGoal
PolicySimulationModel	hasMethod	AgentBasedSocialSimulationMethod
PreserveAndCurateArchivalKnowledgeGoal	requiresTask	DataGovernanceNegotiationTask
ImproveHumanModelInspectionGoal	type	Goal
PolicySimulationInteraction	hasAgentInvolved	PolicyAnalyst
HumanDSSInteraction	type	Interaction
SustainLongTermDialogueGoal	requiresTask	LongTermDialogueTask
hasExecutionConcept	domain	TaskExecution
BrainAgePredictionModel_Instance	hasMethod	DeepLearningMethod
SupportSafeDrivingGoal	requiresTask	RecommendationTask
ExplainabilityTask	requiresCapability	Transparency
LongTermMemoryEvaluation	type	Evaluation
MemoryAugmentedDialogueInteraction_01	hasAgentInvolved	Human_User
ArchivalCurationUseCase	hasDomain	CulturalHeritageDomain
TrustAssessmentSystem	operatesInContext	HumanAIDecisionRelianceContext
CybersecurityContextAssessment	allowsTask	BlockSuspiciousTrafficTask
GuidedRobotInteractionExecution	towardsGoal	ImproveLearningOutcomesGoal
AlexLearningSupportTeam	hasMember	Therapist
HILLInspectionInteraction	hasAgentInvolved	HILLFrameworkAgent
AISecuritySystem	performsExecution	BlockSuspiciousTrafficExecution
FormalizationInputData	type	Data
GazeAwareDialogueExecution	type	TaskExecution
BrainAgeEvaluation	type	Evaluation
ExplainBrainAgePredictionTask	requiresCapability	ExplainabilityCapability
AnnaTherapist	operatesInContext	RobotAssistedLearningContext
DrivingSupportUseCase	hasHITeam	DrivingSupportTeam
LongTermMemoryRetrievalTask	type	Task
Task_GazePersonalization	type	Task
BlockSuspiciousTrafficExecution	hasInteractionEpisode	CybersecurityThreatReviewInteraction
CausalDiscoveryUseCase	hasHITeam	CausalDiscoveryTeam
JointActionTask	requiresCapability	Collaborativeness
InteractiveMLInspectionContext	type	Context
DrivingSupportInteraction_01	hasAgentInvolved	TeslaAutosteer
TrustCalibrationUseCase	hasDomain	HealthcareDomain
HILLInspectionExecution	type	TaskExecution
GrammarlyAutocorrect	hasCapability	Communication
PersonalizedLearningSupportExecution_01	towardsGoal	SupportPersonalizedLearningGoal
JointActionTask	requiresCapability	SituationalAwareness
LeahTeacher	hasCapability	PedagogicalSkills
NeurosymbolicOntologyEvolutionUseCase	hasDomain	KnowledgeEngineeringDomain
LiteratureCrossReferencingExecution	performedBy	DrEmilyChen
RapidExplanationGeneration	type	Capability
HumanDSSInteraction	hasAgentInvolved	HumanFaceMatcher
SecurityDecisionMaking	type	Capability
AdaptiveCybersecurityUseCase	hasHITeam	CybersecurityResponseTeam
hasDomain	range	Domain
GazeAwareDialogueTask	requiresCapability	Communication
ModelAccuracyMetric	type	Metric
SupportHealthcarePolicyDecisionsGoal	requiresTask	InterpretSimulationResultsTask
HILLInspectionExecution	usesModel	HILLInspectionModel_Instance
HealthcarePolicyMaker	operatesInContext	HealthcarePolicyContext
OntologyRepairTask	requiresCapability	Transparency
HumanDSSInteraction	hasAgentInvolved	FaceMatchingDecisionSupportSystem
KnowledgeFormalizationTeam	hasGoal	FormalizeKnowledgeGoal
DecisionSupportEvaluation	hasExperiment	DecreasingConfidenceNoNotifyExperiment
ClinicalRecommendationExecution_01	hasInputData	ClinicalCaseData
IncreasingConfidenceNoNotifyExperiment	hasMetricTested	DecisionQualityMetric
FaceMatchingTaskExecution	realizesTask	FaceMatchingHardSetTask
ClinicalRecommendationExecution_01	realizesTask	ClinicalRecommendationTask
BrainAgeInterpretationInteraction	hasAgentInvolved	NeurologistAgent
AI_SocialHealthCoach	hasCapability	Communication
TechnologyEnthusiasm	allowsTask	GuidedRobotInteractionTask
ProteinAnalysisTask	realizedBy	ProteinAnalysisExecution
TrustCalibrationExecution	type	TaskExecution
TrustAssessmentModel_Instance	hasInputData	EEGTrustSignalData
performedBy	range	Agent
LiteratureCrossReferencingExecution	type	TaskExecution
AI_GazeAwareConversationalAgent	hasCapability	Adaptiveness
TrustAssessmentModel_Instance	hasMethod	ExplainableBoostingMethod
Human_Researcher	operatesInContext	UserState_ResearchCognitiveLoad
BlockSuspiciousTrafficExecution	realizesTask	BlockSuspiciousTrafficTask
DrivingSupportUseCase	type	UseCase
BrainAgeExplanationExecution	performedBy	BrainAgeSupportSystem
BrainAgeExplanationExecution	hasInteractionEpisode	BrainAgeInterpretationInteraction
Clinician	type	HumanAgent
HealthcarePolicyContext	hasInfluenceOn	HybridHumanPolicyTeam
Evidence_GameInteractionLogs	type	Data
Task_LifestyleRecommendation	type	Task
ProgressReportingInteraction_01	hasAgentInvolved	Therapist
ArtificialAgent	subClassOf	Agent
NaoRobot	hasCapability	ReactiveResponse
ClinicalUncertaintyCommunicationUseCase	type	UseCase
TrustCalibrationUseCase	type	UseCase
DrEmilyChen	hasCapability	ResearchCoordination
ExplainabilityTask	type	Task
HumanAgent	subClassOf	Agent
ProteinAnalysisExecution	type	TaskExecution
PolicyAnalyst	type	HumanAgent
hasDomainConcept	domain	Domain
HealthcarePolicyMaker	performsExecution	ABSSWhatIfAnalysisExecution
GuidedRobotInteractionExecution	type	TaskExecution
operatesInContext	range	Context
DecisionEvent_GazeInteraction1	realizesTask	Task_GazePersonalization
ChildAssessmentExecution	type	TaskExecution
DecreasingConfidenceNotifyExperiment	hasMetricTested	DecisionQualityMetric
BrainAgePredictionModel_Instance	hasInputData	BrainImagingData
ArchivalSegmentationModel	hasInputData	ArchivalFootageDataset
CybersecurityResponseTeam	isInfluencedBy	AdaptiveCybersecurityContext
CrossCheckThreatPredictionExecution	performedBy	CybersecurityExpert
EducationalPlanningTask	requiresCapability	PedagogicalSkills
DecisionEvent_PolicySimulation	realizesTask	Task_PolicySimulation
GameplayCoordinationExecution_01	hasInteractionEpisode	GameplayInteraction_01
LongTermDialogueExecution_01	hasInputData	LongMemo5Dataset
DrivingRecommendationExecution_01	type	TaskExecution
EducationalPlanningExecution	hasInteractionEpisode	LearningSupportPlanningInteraction
TrustAssessmentCapability	type	Capability
CrossCheckThreatPredictionExecution	realizesTask	CrossCheckThreatPredictionTask
DecisionEvent_LifestyleRecommendation	hasInputData	Data_LifestyleLogs
BrainAgeAssessmentExecution	evaluatedBy	BrainAgeEvaluation
Justification_MoralReasoning	type	Data
DecisionEvent_TrustCalibration	performedBy	Human_User
Clinician	hasCapability	Responsibility
Adaptiveness	type	Capability
MobilityDomain	type	Domain
ArchivalCurationTeam	isInfluencedBy	ArchivalCurationContext
BlockSuspiciousTrafficExecution	evaluatedBy	CybersecurityResponseEvaluation
isEligibleForTask	domain	Agent
Task_PolicySimulation	requiresCapability	Transparency
BrainAgeAssessmentExecution	hasOutputData	BrainAgePredictionOutput
ProteinSequenceDataset	type	Data
PersonalizedLearningSupportExecution_01	performedBy	TeacherUser
ClinicalRecommendationExecution_01	type	TaskExecution
DrEmilyChen	operatesInContext	ProteinDiscoveryResearchContext
DecisionSupportEvaluation	hasExperiment	Static95Experiment
LLM_Agent	hasCapability	Communication
CulturalStewardship	allowsTask	ArchivalCollectionTask
InterpretabilityMetric	type	Metric
LongContextInteractionContext	type	Context
LiteratureCrossReferencingExecution	hasInteractionEpisode	ProteinInterpretationInteraction
CybersecurityResponseEvaluation	type	Evaluation
ApplyLinearRegression	type	Capability
DecisionEvent_CollaborativeGameStrategy	performedBy	Human_User
HumanAIDecisionRelianceContext	type	Context
ProteinPredictionEvaluation	hasExperiment	ProteinPredictionExperiment
FaceMatchingDecisionSupportUseCase	type	UseCase
HILLFrameworkAgent	operatesInContext	InteractiveMLInspectionContext
LiteratureReview	type	Capability
TrustCalibrationExecution	hasOutputData	TrustCalibrationAssessmentData
RobotAgent	type	ArtificialAgent
AISecuritySystem	type	ArtificialAgent
LongTermMemoryRetrievalTask	requiresCapability	LongTermMemoryCapability
GrammarlyAutocorrect	type	ArtificialAgent
QuestionAnsweringTask	requiresCapability	Communication
Alex	type	HumanAgent
ProteinAnalysisExecution	towardsGoal	IdentifyNeuroprotectiveProteinsGoal
executesTask	subPropertyOf	isAssignedToTask
CybersecurityExpert	hasCapability	SecurityDecisionMaking
GraphMemoAgent	performsExecution	LongTermMemoryRetrievalExecution
GuidedRobotInteractionExecution	realizesTask	GuidedRobotInteractionTask
DecisionEvent_CollaborativeGameStrategy	hasInteractionEpisode	Interaction_CollaborativeGameStrategy
TrustCalibrationTeam	isInfluencedBy	HumanAIDecisionRelianceContext
Interaction_TrustCalibration	hasAgentInvolved	Human_User
DecisionSupportEvaluation	hasExperiment	IncreasingConfidenceNoNotifyExperiment
PolicyAnalyst	performsExecution	PolicySimulationExecution
ReinforcementLearningSupport	allowsTask	ArchiveVideoSegmentationTask
BehavioristApproach	allowsTask	ChildAssessmentTask
DecisionEvent_CollaborativeGameStrategy	hasInputData	Data_TrustGameLogs
DecisionEvent_CollaborativeGameStrategy	hasOutputData	Recommendation_CollaborationStrategy
ArchivalGovernanceInteraction	type	Interaction
isEligibleForTask	range	Task
PolicySimulationModel	type	Model
AI_GazeAwareConversationalAgent	hasCapability	Communication
BrainAgePredictionTeam	hasMember	NeurologistAgent
AlphaFoldPredictionModel	type	Model
HILLEvaluation	hasExperiment	HILLExperiment
DecisionEvent_GazeInteraction1	hasInteractionEpisode	Interaction_GazeInteraction1
AI_SocialHealthCoach	type	ArtificialAgent
AdaptiveCybersecurityContext	type	Context
HILLInspectionExecution	towardsGoal	ImproveHumanModelInspectionGoal
Data_MoralDilemmaSet	type	Data
LeahTeacher	operatesInContext	RobotAssistedLearningContext
CrossCheckThreatPredictionTask	requiresCapability	CybersecurityContextAssessment
RobotAssistedLearningTeam	hasMember	AnnaTherapist
ContinuousLearning	type	Capability
IncreasingConfidenceNoNotifyExperiment	type	Experiment
ChatbotUserAgent	type	HumanAgent
LongTermMemoryEvaluation	hasMetricConcept	MemoryRetentionMetric
TaggedArchivalSegments	type	Data
CollaborativeGameplayTeam	isInfluencedBy	GeometryFriends
ImproveFaceMatchingDecisionsGoal	requiresTask	FaceMatchingNormalSetTask
DrivingRecommendationExecution_01	hasInputData	DrivingSensorData
DecisionEvent_MoralJudgement	hasInputData	Data_MoralDilemmaSet
DecisionEvent_EnvironmentReconstruction	hasInputData	Evidence_ArchaeologicalRecords
CodeGenerationExecution_01	towardsGoal	SupportCodeAuthoringGoal
CybersecurityResponseExperiment	type	Experiment
OntologyRepairExecution_01	performedBy	Human_Expert
realizedBy	range	TaskExecution
ChildUser	hasCapability	Collaborativeness
ClinicianAgent	operatesInContext	HumanAIDecisionRelianceContext
DAG20RandomStrategyExperiment	type	Experiment
FaceMatchingTaskExecution	hasInteractionEpisode	HumanDSSInteraction
ArchiveVideoSegmentationTask	type	Task
FaceMatchingHardSetTask	requiresCapability	HumanFaceMatchingJudgment
HumanFaceMatcher	performsExecution	FaceMatchingTaskExecution
HybridHumanPolicyTeam	isInfluencedBy	HealthcarePolicyContext
ArchiveVideoSegmentationExecution	hasOutputData	TaggedArchivalSegments
hasContextConcept	domain	Context
Human_User	operatesInContext	UserState_TrustInAITeammate
HILLInspectionExecution	hasOutputData	LatentSpaceInspectionData
KnowledgeFormalizationExecution_01	type	TaskExecution
FaceMatchingDecisionSupportModel	hasMethod	DecisionSupportMethod
FormalizationAssistantAgent	hasCapability	Communication
ClinicalRecommendationTask	type	Task
KnowledgeAcquisitionBottleneckContext	type	Context
CodeAssistantUseCase	type	UseCase
BlockSuspiciousTrafficTask	requiresCapability	CybersecurityContextAssessment
LongTermDialogueExecution_01	usesModel	GraphMemoMemorySystem
DecisionEvent_TrustCalibration	hasOutputData	Recommendation_TrustAdjustment
DecisionEvent_LifestyleRecommendation	performedBy	Human_User
TrustCalibrationTeam	hasGoal	DetectTrustCalibrationGoal
LongTermDialogueExecution_01	performedBy	Human_User
KnowledgeFormalizationTeam	type	HITeam
TeacherUser	type	HumanAgent
ABSSWhatIfAnalysisExecution	realizesTask	InterpretSimulationResultsTask
DeepLearningMethod	type	Method
GraphMemoAgent	operatesInContext	LongTermDialogueContext
MultimodalUnderstanding	allowsTask	ArchiveVideoSegmentationTask
AI_EEG_TrustCalibrationSystem	hasCapability	Transparency
ComputeInteractionMetrics	type	Capability
GrammarlyAutocorrect	hasCapability	Transparency
LongTermConversationInteraction	type	Interaction
SupportSafeDrivingGoal	requiresTask	UserIntentionResolutionTask
CollaborativeGameplayTeam	hasGoal	EnableCollaborativeGameplayGoal
AlphaFoldPredictionModel	hasMethod	ProteinStructurePredictionMethod
CybersecurityContextAssessment	allowsTask	CrossCheckThreatPredictionTask
DecisionEvent_CollaborativeGameStrategy	realizesTask	Task_CollaborativeGameStrategy
LongTermChatbotMemoryTeam	isInfluencedBy	LongTermDialogueContext
ProteinDiscoveryTeam	isInfluencedBy	ProteinDiscoveryResearchContext
LLM_Agent	type	ArtificialAgent
hasAlternativeHypothesis	domain	Experiment
Task_CollaborativeGameStrategy	requiresCapability	Communication
LearningSupportPlanningInteraction	hasAgentInvolved	AnnaTherapist
KnowledgeFormalizationExecution_01	hasInteractionEpisode	KnowledgeAcquisitionInteraction_01
ImproveFaceMatchingDecisionsGoal	requiresTask	FaceMatchingHardSetTask
hasGoal	range	Goal
EnableCollaborativeGameplayGoal	type	Goal
RepeatedInterventionsExecution	type	TaskExecution
ProteinLiteratureCorpus	type	Data
TrustCalibrationAssessmentData	type	Data
LongTermChatbotMemoryUseCase	type	UseCase
GameStateData	type	Data
AlphaFoldPredictionModel	hasOutputData	PredictedProteinStructureData
ArchivalFootageAISystem	performsExecution	ArchiveVideoSegmentationExecution
AlexLearningSupportTeam	hasMember	TeacherUser
CodeGenerationExecution_01	hasInteractionEpisode	CodeGenerationInteraction_01
ClinicalAdviceTakingInteraction_01	hasAgentInvolved	Clinician
CybersecurityResponseTeam	type	HITeam
ReconstructHiddenCausalDAGGoal	requiresTask	PerformInterventionsTask
ThreeDimensionalModelGeneration	allowsTask	ProteinModelGenerationTask
LongTermMemoryExperiment	hasMetricTested	MemoryRetentionMetric
ConsentAndGovernanceNegotiationExecution	towardsGoal	PreserveAndCurateArchivalKnowledgeGoal
GazeAwareDialogueExecution	towardsGoal	VRDialogueGoal
KnowledgeFormalizationTeam	hasMember	FormalizationAssistantAgent
VRDialogueGoal	type	Goal
CulturalHeritageDomain	type	Domain
LongTermDialogueTeam	hasMember	Chatbot
HumanAgent	disjointWith	ArtificialAgent
TrustAssessmentModel_Instance	type	Model
DecisionSupportMethod	type	Method
RestoreAccessExecution	type	TaskExecution
ScientificDataProcessing	type	Capability
performedBy	inverseOf	performsExecution
ProteinStructurePredictionMethod	type	Method
ResearchCoordination	allowsTask	ResearchOptimizationTask
ImproveLearningOutcomesGoal	requiresTask	GuidedRobotInteractionTask
FormalRuleOutputData	type	Data
ClinicalRecommendationData	type	Data
AI_GazeAwareConversationalAgent	type	ArtificialAgent
ClinicalJudgment	allowsTask	LiteratureCrossReferencingTask
LeahTeacher	performsExecution	EducationalPlanningExecution
ABSSWhatIfAnalysisExecution	usesModel	PolicySimulationModel
MaintainLongTermConversationGoal	requiresTask	LongTermMemoryRetrievalTask
CandidateKnowledgeBuffer	type	Data
PatternRecognitionForThreatDetection	type	Capability
CodeGenerationExecution_01	usesModel	GPT_4o_mini
HybridHumanPolicyModelingUseCase	hasHITeam	HybridHumanPolicyTeam
KnowledgeFormalizationUseCase	hasHITeam	KnowledgeFormalizationTeam
ArchivalCurationTeam	hasMember	CulturalHeritageSteward
AI_LLM_MoralReasoner	type	ArtificialAgent
DAG20MinStrategyExperiment	hasMetricTested	StrategyPerformanceMetric
BrainAgeSupportSystem	operatesInContext	ClinicalNeurodiagnosticContext
GameplayCoordinationExecution_01	hasOutputData	GameplayCoordinationData
Collaborativeness	type	Capability
Justification_DataDrivenReconstruction	type	Data
ArchivalCurationUseCase	hasHITeam	ArchivalCurationTeam
DataGovernanceNegotiationTask	requiresCapability	Negotiation
DecisionQualityMetric	type	Metric
DecisionEvent_MoralJudgement	performedBy	AI_LLM_MoralReasoner
hasGoalConcept	domain	Goal
PerformInterventionsTask	requiresCapability	InterveneOnActionableNodes
BrainAgeSupportSystem	performsExecution	BrainAgeExplanationExecution
AISecuritySystem	operatesInContext	AdaptiveCybersecurityContext
PersonalizedLearningSupportExecution_01	hasInputData	LearnerProfileData
DecisionSupportEvaluation	type	Evaluation
hasHITeam	range	HITeam
GameplayCoordinationExecution_01	realizesTask	JointActionTask
DecisionEvent_CollaborativeGameStrategy	hasInputData	Evidence_GameInteractionLogs
MultimodalSegmentationMethod	type	Method
ReconstructHiddenCausalDAGGoal	requiresTask	InferCausalLinksTask
UserIntentionResolutionTask	type	Task
ProteinModelGenerationTask	type	Task
ProgressReportingInteraction_01	hasAgentInvolved	TeacherUser
KnowledgeFormalizationExecution_01	realizesTask	FormalRuleGenerationTask
LLM_Agent	hasCapability	Transparency
LongTermMemoryChatbotUseCase	type	UseCase
FormalRuleGenerationTask	type	Task
ProgressReportingInteraction_01	type	Interaction
WizardOfOzInteraction	type	Capability
Interaction_EnvironmentReconstruction	hasAgentInvolved	AI_PaleoReconstructionAssistant
RobotAssistedLearningTeam	hasGoal	ImproveLearningOutcomesGoal
FaceMatchingNormalSetTask	type	Task
FaceMatchingDecisionSupportUseCase	hasHITeam	FaceMatchingHITeam
RepeatedInterventionsExecution	hasInteractionEpisode	CausalDiscoveryInteraction
TechnologyEnthusiasm	allowsTask	EducationalPlanningTask
Data_LifestyleLogs	type	Data
FaceMatchingDecisionSupportSystem	performsExecution	FaceMatchingTaskExecution
LongTermChatbotMemoryTeam	type	HITeam
AlphaFoldSystem	hasCapability	ThreeDimensionalModelGeneration
ArchivalCurationTeam	hasMember	ArchivalFootageAISystem
DecisionEvent_CollaborativeGameStrategy	hasOutputData	Justification_TrustFactorModel
RobotAgent	hasCapability	Collaborativeness
BrainAgeInterpretationInteraction	hasAgentInvolved	BrainAgeSupportSystem
Recommendation_PolicyOption	type	Data
BrainAgeExplanationExecution	hasOutputData	BrainAgeExplanationData
TeacherUser	hasCapability	Communication
SituationalAwareness	type	Capability
DAG20PureRandomStrategyExperiment	hasMetricTested	StrategyPerformanceMetric
DecisionEvent_EnvironmentReconstruction	realizesTask	Task_EnvironmentReconstruction
PolicyScenarioEvaluation	type	Evaluation
ArchiveVideoSegmentationExecution	hasInputData	ArchivalFootageDataset
ArchiveVideoSegmentationExecution	usesModel	ArchivalSegmentationModel
RobotAgent	hasCapability	SituationalAwareness
LearningSupportEvaluation	type	Evaluation
hasTaskConcept	domain	Task
KnowledgeDistillationMethod	type	Method
TeslaAutosteer	type	ArtificialAgent
Justification_BehavioralAnalysis	type	Data
ABSSWhatIfAnalysisExecution	realizesTask	RefinePolicyScenariosTask
realizedBy	inverseOf	realizesTask
VRDialogueTeam	hasGoal	VRDialogueGoal
HILLEvaluation	hasMetricConcept	UsabilityMetric
VRDialogueGoal	requiresTask	GazeAwareDialogueTask
BrainAgePredictionUseCase	type	UseCase
PreserveAndCurateArchivalKnowledgeGoal	requiresTask	ArchiveVideoSegmentationTask
RetrievedMemoryData	type	Data
LongTermMemoryRetrievalExecution	usesModel	GraphMemoModel_Instance
SupportCodeAuthoringGoal	requiresTask	CodeGenerationTask
AI_LLM_MoralReasoner	hasCapability	Transparency
CodeGenerationExecution_01	hasOutputData	GeneratedCodeData
LongTermMemoryRetrievalExecution	hasInteractionEpisode	LongTermConversationInteraction
IdentifyNeuroprotectiveProteinsGoal	requiresTask	LiteratureCrossReferencingTask
AdultUser	operatesInContext	CooperativeCuisine
ArchiveVideoSegmentationTask	requiresCapability	MultimodalUnderstanding
ProteinDiscoveryTeam	hasMember	AlphaFoldSystem
HealthcarePolicyContext	type	Context
DecisionEvent_LifestyleRecommendation	performedBy	AI_SocialHealthCoach
AlphaFoldSystem	hasCapability	ScientificDataProcessing
TrustInAutomation	type	Capability
UsabilityMetric	type	Metric
FaceMatchingHITeam	hasMember	HumanFaceMatcher
Recommendation_ReconstructionHypothesis	type	Data
DecisionEvent_PolicySimulation	hasOutputData	Justification_SimulationResults
Hybrid	type	Method
FaceMatchingDecisionSupportSystem	hasCapability	ComputeInteractionMetrics
DecisionEvent_TrustCalibration	realizesTask	Task_TrustCalibration
RepeatedInterventionsExecution	realizesTask	PerformInterventionsTask
